ID,Term,Language_Type,Major1,Major2,Major3,Minors,Division1,years
356291,1189,A,RELI,,,HIST-MN,SBS,2018
339371,1189,A,ENGL,,,FILM-MN,HA,2018
355367,1189,A,PSYC,SISP,,,NSM,2018
356345,1189,A,ENGL,,,,HA,2018
339355,1189,A,MUSC,PSYC,,,HA,2018
335981,1189,A,CHEM,COMP,PHYS,,NSM,2018
355359,1189,A,ENGL,FGSS,,,HA,2018
339669,1189,A,FILM,GOVT,,,HA,2018
355297,1189,A,DANC,PSYC,,,HA,2018
355383,1189,A,AMST,FGSS,,,SBS,2018
356309,1189,A,FILM,,,,HA,2018
356544,1189,A,PSYC,,,AFST-MN,NSM,2018
361648,1189,A,AFAM,FILM,,,SBS,2018
334737,1189,A,BIOL,MATH,NS&B,,NSM,2018
335367,1189,A,PHYS,,,,NSM,2018
335795,1189,A,COMP,MATH,,,NSM,2018
335806,1189,A,PHYS,,,,NSM,2018
335848,1189,A,COMP,,,,NSM,2018
333658,1189,A,GOVT,,,,SBS,2018
355315,1189,A,GOVT,HIST,,,SBS,2018
355334,1189,A,ENGL,,,FILM-MN,HA,2018
355346,1189,A,ENGL,,,,HA,2018
355409,1189,A,AMST,ENGL,,,SBS,2018
356313,1189,A,,,,,"  .",2018
356463,1189,A,FILM,,,,HA,2018
339419,1189,A,ENGL,,,HIST-MN,HA,2018
339664,1189,A,PHIL,,,,SBS,2018
355296,1189,A,HIST,,,,SBS,2018
355356,1189,A,ECON,MATH,,,SBS,2018
356439,1189,A,MATH,,,,NSM,2018
356640,1189,A,HIST,,,,SBS,2018
356402,1189,A,NS&B,PSYC,THEA,,NSM,2018
339448,1189,A,ECON,,,,SBS,2018
339374,1189,A,PHIL,,,,SBS,2018
356601,1189,A,ENGL,HIST,,,HA,2018
339655,1189,A,GOVT,HIST,,,SBS,2018
333849,1189,A,PHIL,,,,SBS,2018
330873,1189,A,ECON,,,,SBS,2018
339783,1189,A,PSYC,,,,NSM,2018
356298,1189,A,FILM,THEA,,,HA,2018
339366,1189,A,FGSS,SOC,,EDST-MN,IDS,2018
339390,1189,A,PSYC,,,,NSM,2018
356466,1189,A,BIOL,,,,NSM,2018
356530,1189,A,FGSS,PSYC,,,IDS,2018
356541,1189,A,ECON,GOVT,,DATA-MN,SBS,2018
339527,1189,A,AMST,ENGL,,FILM-MN,SBS,2018
356497,1189,A,E&ES,ENGL,,,NSM,2018
335360,1189,A,HIST,PSYC,,MDST-MN,SBS,2018
339407,1189,A,ECON,PSYC,,,SBS,2018
356307,1189,A,ECON,GOVT,,,SBS,2018
356922,1189,A,PSYC,,,,NSM,2018
339480,1189,A,COMP,,,,NSM,2018
356312,1189,A,ENGL,THEA,,,HA,2018
356318,1189,A,AFAM,,,,SBS,2018
356451,1189,A,ECON,,,,SBS,2018
335353,1189,A,COMP,PHYS,,,NSM,2018
356501,1189,A,CEAS,GOVT,,,IDS,2018
339616,1189,A,GOVT,,,,SBS,2018
339832,1189,A,ECON,,,,SBS,2018
361536,1189,A,ENGL,,,,HA,2018
335350,1189,A,MATH,,,CEAS-MN,NSM,2018
356366,1189,A,GOVT,MUSC,,,SBS,2018
339770,1189,A,SISP,,,FILM-MN,IDS,2018
339403,1189,A,PSYC,SISP,,,NSM,2018
339831,1189,A,SISP,,,,IDS,2018
356619,1189,A,BIOL,SISP,,,NSM,2018
356795,1189,A,SISP,,,,IDS,2018
339663,1189,A,AMST,,,DATA-MN,SBS,2018
355418,1189,A,GOVT,HIST,,,SBS,2018
356321,1189,A,UNIV,,,,IDS,2018
356660,1189,A,COMP,,,,NSM,2018
339551,1189,A,ARST,SOC,,IDEA-MN,HA,2018
339524,1189,B,COMP,,,DATA-MN,NSM,2018
339435,1189,B,GOVT,,,,SBS,2018
339535,1189,B,GOVT,,,CEAS-MN,SBS,2018
339766,1189,B,AFAM,,,,SBS,2018
356342,1189,B,HIST,,,RELI-MN,SBS,2018
356369,1189,B,CSS,,,,SBS,2018
356407,1189,B,SOC,,,DATA-MN,SBS,2018
356413,1189,B,SOC,,,EDST-MN,SBS,2018
356622,1189,B,AMST,,,,SBS,2018
356642,1189,B,AMST,GOVT,,,SBS,2018
356677,1189,B,CSS,,,,SBS,2018
339758,1189,B,AFAM,GOVT,,,SBS,2018
356285,1189,B,ECON,FILM,,,SBS,2018
355328,1189,B,ANTH,,,DATA-MN,SBS,2018
356292,1189,B,ANTH,,,,SBS,2018
356510,1189,B,SOC,,,,SBS,2018
356520,1189,B,ANTH,,,,SBS,2018
356618,1189,B,CCIV,THEA,,,IDS,2018
356942,1189,B,ARST,,,,HA,2018
339362,1189,B,PSYC,,,,NSM,2018
339396,1189,B,ARHA,,,,HA,2018
339406,1189,B,ENGL,,,,HA,2018
339422,1189,B,PSYC,SISP,,,NSM,2018
339424,1189,B,PSYC,,,IDEA-MN,NSM,2018
339436,1189,B,SOC,,,,SBS,2018
339457,1189,B,GOVT,SOC,,,SBS,2018
339615,1189,B,PSYC,,,DATA-MN,NSM,2018
339637,1189,B,AFAM,,,,SBS,2018
339672,1189,B,PHIL,,,,SBS,2018
339784,1189,B,NS&B,,,,NSM,2018
355361,1189,B,PSYC,,,,NSM,2018
355384,1189,B,AMST,PSYC,,,SBS,2018
356337,1189,B,ECON,GOVT,,,SBS,2018
356347,1189,B,ARHA,,,,HA,2018
356423,1189,B,,,,,"  .",2018
356424,1189,B,NS&B,SISP,,,NSM,2018
356488,1189,B,FILM,,,,HA,2018
356493,1189,B,PSYC,,,,NSM,2018
356523,1189,B,GOVT,PSYC,,EDST-MN,SBS,2018
356547,1189,B,PSYC,,,,NSM,2018
356570,1189,B,ARHA,,,,HA,2018
356689,1189,B,NS&B,SISP,,,NSM,2018
356586,1189,B,THEA,,,CEAS-MN,HA,2018
356650,1189,B,CHEM,ENVS,,,NSM,2018
335803,1189,B,MATH,,,,NSM,2018
355344,1189,B,ENGL,,,HIST-MN,HA,2018
339674,1189,B,ANTH,SOC,,,SBS,2018
355302,1189,B,GOVT,HIST,,,SBS,2018
356359,1189,B,PHYS,,,,NSM,2018
356694,1189,B,PSYC,,,,NSM,2018
356465,1189,B,GOVT,PSYC,,,SBS,2018
356415,1189,B,FILM,PSYC,,,HA,2018
339372,1189,B,ENGL,,,,HA,2018
355398,1189,B,SOC,,,DATA-MN,SBS,2018
339387,1189,B,BIOL,,,,NSM,2018
339437,1189,B,,,,,"  .",2018
339482,1189,B,GOVT,SOC,,EDST-MN,SBS,2018
339493,1189,B,ECON,,,,SBS,2018
339656,1189,B,PSYC,,,EDST-MN,NSM,2018
339789,1189,B,RELI,,,ARHA-MN,SBS,2018
356371,1189,B,ENGL,HIST,,,HA,2018
356406,1189,B,GOVT,,,CEAS-MN,SBS,2018
356605,1189,B,CSS,,,,SBS,2018
361628,1189,B,ENVS,PSYC,,,NSM,2018
339465,1189,C,CEAS,,,,IDS,2018
356602,1189,C,GOVT,,,,SBS,2018
356600,1189,C,CSS,ENVS,,,SBS,2018
339346,1189,C,FRST,GOVT,,,HA,2018
339479,1189,C,BIOL,FRST,,,NSM,2018
355354,1189,C,CSS,,,,SBS,2018
339477,1189,C,CEAS,,,FILM-MN,IDS,2018
355403,1189,C,ARST,SOC,,,HA,2018
318920,1189,C,ECON,,,CEAS-MN,SBS,2018
355349,1189,C,CEAS,,,,IDS,2018
356480,1189,C,CEAS,ENGL,,,IDS,2018
356300,1189,D,ANTH,,,,SBS,2018
356638,1189,D,ECON,GOVT,,,SBS,2018
335870,1189,D,AMST,,,CEAS-MN,SBS,2018
339351,1189,D,ANTH,PSYC,,,SBS,2018
356504,1189,D,GOVT,LAST,,,SBS,2018
356538,1189,D,HISP,SOC,,,IDS,2018
335488,1189,D,COMP,,,,NSM,2018
339369,1189,D,NS&B,,,,NSM,2018
339589,1189,D,CHEM,,,,NSM,2018
339638,1189,D,NS&B,,,,NSM,2018
340591,1189,D,ITST,NS&B,,,IDS,2018
355379,1189,D,ITST,,,,IDS,2018
356282,1189,D,CSS,ITST,,,SBS,2018
356308,1189,D,ARHA,ITST,,,HA,2018
356319,1189,D,ITST,PSYC,,,IDS,2018
356587,1189,D,ENGL,ITST,,,HA,2018
356668,1189,D,AFAM,ITST,,,SBS,2018
361446,1189,D,CSS,,,,SBS,2018
356470,1189,D,ANTH,FILM,,,SBS,2018
356633,1189,D,CHEM,HISP,,,NSM,2018
335133,1189,D,CEAS,PSYC,,,IDS,2018
356648,1189,D,CEAS,CSS,,,IDS,2018
356560,1189,D,PSYC,,,IDEA-MN,NSM,2018
333636,1189,D,ECON,GOVT,,,SBS,2018
336219,1189,D,BIOL,HISP,NS&B,,NSM,2018
339352,1189,D,GOVT,PSYC,,,SBS,2018
339388,1189,D,HIST,,,,SBS,2018
339395,1189,D,ECON,HISP,,,SBS,2018
339404,1189,D,ENGL,HISP,,,HA,2018
339621,1189,D,NS&B,,,,NSM,2018
355329,1189,D,ENGL,HISP,,,HA,2018
355365,1189,D,HISP,,,,IDS,2018
356295,1189,D,GOVT,HISP,,,SBS,2018
356305,1189,D,HIST,,,,SBS,2018
356325,1189,D,ARHA,HISP,,,HA,2018
356376,1189,D,ECON,HISP,,,SBS,2018
356404,1189,D,GOVT,MATH,,FILM-MN,SBS,2018
356543,1189,D,HISP,PSYC,,FILM-MN,IDS,2018
356564,1189,D,CSS,HISP,,,SBS,2018
356572,1189,D,ECON,GOVT,,,SBS,2018
356611,1189,D,ENGL,,,EDST-MN,HA,2018
356663,1189,D,ECON,HISP,LAST,,SBS,2018
356719,1189,D,GOVT,HISP,,,SBS,2018
303226,1189,D,CCIV,FRST,,,IDS,2018
330588,1189,D,ECON,FRST,,,SBS,2018
339347,1189,D,ECON,FRST,,,SBS,2018
339381,1189,D,COMP,ECON,,,NSM,2018
339476,1189,D,ECON,HIST,,,SBS,2018
339661,1189,D,FRST,PSYC,,EDST-MN,HA,2018
339676,1189,D,ARST,SOC,,ARHA-MN,HA,2018
355342,1189,D,ENGL,FRST,GOVT,,HA,2018
355394,1189,D,AMST,FGSS,,,SBS,2018
355419,1189,D,ENGL,FRST,THEA,,HA,2018
356332,1189,D,ENGL,PSYC,,EDST-MN,HA,2018
356338,1189,D,COMP,MATH,,,NSM,2018
356367,1189,D,ARHA,FRST,,,HA,2018
356429,1189,D,ENGL,PHIL,,,HA,2018
356433,1189,D,FRST,HIST,,,HA,2018
356456,1189,D,FRST,SOC,,,HA,2018
356531,1189,D,ENGL,SOC,,,HA,2018
356553,1189,D,FRST,HIST,,,HA,2018
356606,1189,D,CSS,GOVT,,,SBS,2018
356616,1189,D,FRST,NS&B,,,HA,2018
356617,1189,D,FRST,,,,HA,2018
356653,1189,D,ENGL,,,,HA,2018
339413,1189,D,GOVT,REES,,HIST-MN,SBS,2018
339458,1189,D,SOC,,,DATA-MN,SBS,2018
355305,1191,A,PSYC,,,EDST-MN,NSM,2019
356351,1191,A,ENGL,,,,HA,2019
356484,1191,A,HIST,THEA,,,SBS,2019
339414,1191,A,COMP,MATH,,,NSM,2019
335981,1191,A,CHEM,COMP,PHYS,,NSM,2019
339405,1191,A,FILM,,,AFAM-MN,HA,2019
339555,1191,A,AFAM,,,,SBS,2019
339668,1191,A,AFAM,ENGL,,,SBS,2019
334737,1191,A,BIOL,MATH,NS&B,,NSM,2019
335367,1191,A,PHYS,,,,NSM,2019
335795,1191,A,COMP,MATH,,,NSM,2019
335806,1191,A,PHYS,,,,NSM,2019
335848,1191,A,COMP,,,,NSM,2019
339657,1191,A,COMP,MATH,,,NSM,2019
339643,1191,A,COMP,GOVT,,ECON-MN,NSM,2019
356313,1191,A,FILM,,,,HA,2019
339658,1191,A,CHEM,CIS,,,NSM,2019
356317,1191,A,GOVT,,,,SBS,2019
356439,1191,A,MATH,,,,NSM,2019
332560,1191,A,PHYS,,,,NSM,2019
355314,1191,A,E&ES,,,IDEA-MN,NSM,2019
356401,1191,A,E&ES,ENVS,,,NSM,2019
356588,1191,A,ARST,,,ARHA-MN,HA,2019
339374,1191,A,PHIL,,,,SBS,2019
356601,1191,A,ENGL,HIST,,,HA,2019
339655,1191,A,GOVT,HIST,,,SBS,2019
356580,1191,A,ECON,ENGL,,DATA-MN,SBS,2019
333849,1191,A,PHIL,,,CEAS-MN,SBS,2019
339364,1191,A,ENGL,,,EDST-MN,HA,2019
339411,1191,A,GOVT,SOC,,,SBS,2019
339545,1191,A,NS&B,,,ARHA-MN,NSM,2019
355316,1191,A,FILM,,,,HA,2019
356541,1191,A,ECON,GOVT,,DATA-MN,SBS,2019
339527,1191,A,AMST,ENGL,,FILM-MN,SBS,2019
339666,1191,A,ECON,HIST,,,SBS,2019
356535,1191,A,ECON,PSYC,,EDST-MN,SBS,2019
355353,1191,A,GOVT,UNIV,,,SBS,2019
356318,1191,A,AFAM,,,,SBS,2019
362329,1191,A,CCIV,COL,,,IDS,2019
335353,1191,A,COMP,PHYS,,,NSM,2019
356496,1191,A,CEAS,GOVT,,,IDS,2019
339679,1191,A,CEAS,,,,IDS,2019
339376,1191,A,CEAS,HIST,,,IDS,2019
361699,1191,A,CEAS,GOVT,,,IDS,2019
355359,1191,A,ENGL,FGSS,,CEAS-MN,HA,2019
356366,1191,A,GOVT,MUSC,,,SBS,2019
355386,1191,A,COMP,,,DATA-MN,NSM,2019
356522,1191,A,E&ES,SISP,,,NSM,2019
356462,1191,A,SISP,,,,IDS,2019
339415,1191,A,GOVT,,,,SBS,2019
355319,1191,A,AFAM,PSYC,,,SBS,2019
356551,1191,A,COMP,,,,NSM,2019
361594,1191,A,MUSC,,,,HA,2019
356482,1191,B,COMP,MATH,,,NSM,2019
356796,1191,B,COMP,MATH,,,NSM,2019
355337,1191,B,HIST,,,,SBS,2019
355393,1191,B,ECON,PSYC,,,SBS,2019
356458,1191,B,AMST,ENGL,,,SBS,2019
356516,1191,B,GOVT,,,,SBS,2019
355546,1191,B,ARST,HIST,,ARHA-MN,HA,2019
356478,1191,B,GOVT,HIST,,,SBS,2019
356368,1191,B,NS&B,PSYC,SISP,,NSM,2019
339360,1191,B,PSYC,,,EDST-MN,NSM,2019
339650,1191,B,ANTH,PSYC,,DATA-MN,SBS,2019
356519,1191,B,ANTH,,,,SBS,2019
356628,1191,B,RELI,,,HIST-MN,SBS,2019
356942,1191,B,ARST,,,,HA,2019
339434,1191,B,BIOL,,,DATA-MN,NSM,2019
339441,1191,B,BIOL,NS&B,,,NSM,2019
339620,1191,B,BIOL,,,,NSM,2019
356310,1191,B,PSYC,,,,NSM,2019
356324,1191,B,FGSS,NS&B,,,IDS,2019
356327,1191,B,GOVT,MB&B,,,SBS,2019
356623,1191,B,ECON,PSYC,,,SBS,2019
355293,1191,B,E&ES,,,IDEA-MN,NSM,2019
339629,1191,B,SOC,,,,SBS,2019
356460,1191,B,SOC,,,DANC-MN,SBS,2019
333845,1191,B,PSYC,SISP,,,NSM,2019
356483,1191,B,PSYC,,,,NSM,2019
356585,1191,B,ECON,,,FILM-MN,SBS,2019
356687,1191,B,ECON,ENVS,MATH,,SBS,2019
361583,1191,B,ENGL,SOC,,,HA,2019
335799,1191,B,GOVT,,,EDST-MN,SBS,2019
339367,1191,B,ECON,PSYC,,,SBS,2019
339608,1191,B,ECON,GOVT,,DATA-MN,SBS,2019
356632,1191,B,HIST,,,ECON-MN,SBS,2019
355398,1191,B,SOC,,,DATA-MN,SBS,2019
339465,1191,C,CEAS,,,,IDS,2019
361727,1191,C,COMP,HIST,,,NSM,2019
356330,1191,C,FRST,GOVT,,,HA,2019
356508,1191,C,FRST,RELI,,DATA-MN,HA,2019
356678,1191,C,ECON,GOVT,,CEAS-MN,SBS,2019
356559,1191,C,AMST,ENVS,,,SBS,2019
355404,1191,C,E&ES,ENVS,,,NSM,2019
336432,1191,C,CEAS,GOVT,,,IDS,2019
339612,1191,C,CEAS,,,,IDS,2019
355368,1191,C,CEAS,,,,IDS,2019
356301,1191,C,CEAS,PSYC,,,IDS,2019
356353,1191,C,CEAS,,,FRST-MN,IDS,2019
356499,1191,C,CEAS,GOVT,,,IDS,2019
356528,1191,C,CHEM,NS&B,,CEAS-MN,NSM,2019
356431,1191,D,AMST,,,,SBS,2019
339446,1191,D,ECON,LAST,,,SBS,2019
339421,1191,D,ENVS,HIST,,,NSM,2019
356438,1191,D,AFAM,,,,SBS,2019
356610,1191,D,GOVT,LAST,,,SBS,2019
339397,1191,D,ENGL,ITST,,,HA,2019
339486,1191,D,ITST,NS&B,,,IDS,2019
339785,1191,D,ITST,,,,IDS,2019
356548,1191,D,HIST,THEA,,,SBS,2019
361476,1191,D,PSYC,,,,NSM,2019
362179,1191,D,COL,,,,HA,2019
355345,1191,D,E&ES,HISP,,,NSM,2019
356373,1191,D,GOVT,HISP,,,SBS,2019
339451,1191,D,CEAS,,,HIST-MN,IDS,2019
333847,1191,D,GRST,MUSC,,,HA,2019
356442,1191,D,FGSS,PSYC,,GRST-MN,IDS,2019
356708,1191,D,GRST,,,,HA,2019
360037,1191,D,ANTH,FILM,,,SBS,2019
362064,1191,D,COL,MATH,,,HA,2019
356784,1191,D,ENVS,GOVT,,,NSM,2019
339353,1191,D,SISP,,,,IDS,2019
339433,1191,D,AMST,,,,SBS,2019
339517,1191,D,HISP,MB&B,,,IDS,2019
355390,1191,D,THEA,,,,HA,2019
356532,1191,D,HISP,LAST,,DATA-MN,IDS,2019
356590,1191,D,AMST,GOVT,,,SBS,2019
356591,1191,D,ECON,HISP,LAST,,SBS,2019
356651,1191,D,HISP,,,,IDS,2019
360105,1191,D,COL,MATH,,,HA,2019
361511,1191,D,ENGL,HISP,,,HA,2019
362630,1191,D,HISP,SOC,,,IDS,2019
339601,1191,D,FRST,,,,HA,2019
339762,1191,D,ARST,FRST,,,HA,2019
355413,1191,D,FRST,HIST,,CEAS-MN,HA,2019
356334,1191,D,FRST,PSYC,,,HA,2019
356433,1191,D,FRST,HIST,,,HA,2019
356612,1191,D,FRST,PSYC,,EDST-MN,HA,2019
356657,1191,D,ECON,FRST,,,SBS,2019
358729,1191,D,COL,FRST,,,HA,2019
358768,1191,D,COL,,,,HA,2019
361494,1191,D,FRST,GOVT,,,HA,2019
362160,1191,D,BIOL,FRST,,,NSM,2019
362223,1191,D,,,,,"  .",2019
362271,1191,D,COL,FRST,,,HA,2019
363318,1191,D,COL,FRST,,,HA,2019
356326,1199,A,AMST,,,,SBS,2019
358641,1199,A,AFAM,CSS,,,SBS,2019
358697,1199,A,ENGL,,,,HA,2019
358843,1199,A,PHYS,,,IDEA-MN,NSM,2019
360002,1199,A,ENGL,,,FILM-MN,HA,2019
362462,1199,A,CSS,ENVS,,,SBS,2019
362564,1199,A,ENGL,THEA,,,HA,2019
362570,1199,A,FILM,,,,HA,2019
355358,1199,A,FILM,PHYS,,,HA,2019
335981,1199,A,CHEM,COMP,MATH,,NSM,2019
356412,1199,A,GOVT,,,,SBS,2019
358657,1199,A,FGSS,,,,IDS,2019
358715,1199,A,FILM,PSYC,,DATA-MN,HA,2019
358771,1199,A,AFAM,FILM,,,SBS,2019
360003,1199,A,PSYC,,,,NSM,2019
360043,1199,A,PSYC,,,,NSM,2019
334737,1199,A,BIOL,MATH,NS&B,,NSM,2019
335367,1199,A,PHYS,,,,NSM,2019
335795,1199,A,MATH,,,,NSM,2019
335806,1199,A,PHYS,,,,NSM,2019
335848,1199,A,COMP,,,,NSM,2019
339474,1199,A,MATH,,,,NSM,2019
355313,1199,A,ECON,MATH,,CEAS-MN,SBS,2019
356428,1199,A,COMP,ECON,MATH,,NSM,2019
356441,1199,A,MATH,,,CEAS-MN,NSM,2019
358605,1199,A,GOVT,,,,SBS,2019
358796,1199,A,ECON,MATH,,DATA-MN,SBS,2019
358803,1199,A,ARST,ENGL,,,HA,2019
360009,1199,A,CSS,GOVT,,HIST-MN,SBS,2019
360034,1199,A,ENGL,,,,HA,2019
360093,1199,A,CSS,,,,SBS,2019
358708,1199,A,ECON,,,REES-MN,SBS,2019
358788,1199,A,COMP,,,DATA-MN,NSM,2019
362335,1199,A,ENGL,,,RELI-MN,HA,2019
362405,1199,A,AMST,GOVT,,,SBS,2019
362420,1199,A,COMP,PHYS,,,NSM,2019
362498,1199,A,ASTR,PHYS,,,NSM,2019
358811,1199,A,AMST,GOVT,,,SBS,2019
358823,1199,A,ECON,,,DATA-MN,SBS,2019
362173,1199,A,ANTH,,,IDEA-MN,SBS,2019
362386,1199,A,FGSS,,,,IDS,2019
362412,1199,A,UNIV,,,IDEA-MN,IDS,2019
358819,1199,A,ECON,,,,SBS,2019
362444,1199,A,BIOL,ENVS,,DATA-MN,NSM,2019
358604,1199,A,ECON,ENVS,,,SBS,2019
368280,1199,A,PSYC,,,RELI-MN,NSM,2019
360082,1199,A,CHEM,,,,NSM,2019
360027,1199,A,ECON,GOVT,,,SBS,2019
362088,1199,A,CSS,ECON,,,SBS,2019
362148,1199,A,CSS,,,,SBS,2019
362514,1199,A,CSS,ENVS,,DATA-MN,SBS,2019
362302,1199,A,PHIL,,,,SBS,2019
358592,1199,A,GOVT,PSYC,,EDST-MN,SBS,2019
358625,1199,A,ECON,,,HIST-MN,SBS,2019
358808,1199,A,ENGL,,,,HA,2019
358844,1199,A,ENVS,SOC,,,NSM,2019
358853,1199,A,ECON,PSYC,,EDST-MN,SBS,2019
360005,1199,A,ENGL,,,,HA,2019
362351,1199,A,AMST,,,,SBS,2019
362840,1199,A,COMP,,,IDEA-MN,NSM,2019
356410,1199,A,ECON,GOVT,,,SBS,2019
358794,1199,A,ENVS,GOVT,,,NSM,2019
362215,1199,A,ARHA,,,CEAS-MN,HA,2019
363021,1199,A,GOVT,,,,SBS,2019
362254,1199,A,HIST,,,,SBS,2019
362268,1199,A,ASTR,ENGL,PHYS,,NSM,2019
362588,1199,A,CSS,,,DATA-MN,SBS,2019
358821,1199,A,MATH,,,,NSM,2019
358647,1199,A,AMST,,,AFAM-MN,SBS,2019
358640,1199,A,COMP,THEA,,,NSM,2019
355319,1199,A,AFAM,PSYC,,,SBS,2019
356343,1199,A,ENGL,,,HIST-MN,HA,2019
360033,1199,A,AMST,SOC,,,SBS,2019
360090,1199,A,ANTH,THEA,,,SBS,2019
362365,1199,A,ENVS,GOVT,,,NSM,2019
358662,1199,A,ENGL,PSYC,SISP,,HA,2019
339831,1199,A,SISP,,,,IDS,2019
362069,1199,A,COMP,PSYC,,,NSM,2019
362115,1199,B,AMST,COMP,,,SBS,2019
362450,1199,B,COMP,,,,NSM,2019
339443,1199,B,FILM,,,HIST-MN,HA,2019
356362,1199,B,GOVT,REES,,DATA-MN,SBS,2019
358598,1199,B,SOC,,,,SBS,2019
358635,1199,B,CSS,,,,SBS,2019
362301,1199,B,ARHA,ENGL,,,HA,2019
362327,1199,B,FGSS,PSYC,,,IDS,2019
362683,1199,B,PSYC,,,DANC-MN,NSM,2019
360031,1199,B,ECON,HIST,,,SBS,2019
360040,1199,B,PSYC,,,CEAS-MN,NSM,2019
358682,1199,B,ECON,,,,SBS,2019
362151,1199,B,GOVT,UNIV,,IDEA-MN,SBS,2019
356645,1199,B,CHEM,,,,NSM,2019
358648,1199,B,SISP,SOC,,EDST-MN,IDS,2019
358665,1199,B,ECON,,,DATA-MN,SBS,2019
358703,1199,B,COMP,MATH,,,NSM,2019
358711,1199,B,AMST,SOC,,,SBS,2019
358724,1199,B,PSYC,,,,NSM,2019
358738,1199,B,ENGL,FILM,,,HA,2019
358765,1199,B,PSYC,SISP,,,NSM,2019
358810,1199,B,ANTH,,,,SBS,2019
358883,1199,B,NS&B,PSYC,,,NSM,2019
360044,1199,B,FGSS,PSYC,,EDST-MN,IDS,2019
360230,1199,B,SOC,,,,SBS,2019
362092,1199,B,ECON,,,,SBS,2019
362109,1199,B,MB&B,NS&B,,,NSM,2019
362144,1199,B,PSYC,,,EDST-MN,NSM,2019
362239,1199,B,MB&B,,,,NSM,2019
362354,1199,B,AFAM,PSYC,,,SBS,2019
362360,1199,B,PSYC,SISP,,EDST-MN,NSM,2019
362381,1199,B,PHIL,,,,SBS,2019
362632,1199,B,FGSS,THEA,,,IDS,2019
362177,1199,B,E&ES,,,,NSM,2019
358781,1199,B,ENVS,GOVT,,,NSM,2019
362442,1199,B,GOVT,MATH,,,SBS,2019
358820,1199,B,BIOL,SISP,,,NSM,2019
362506,1199,B,AFAM,AMST,,,SBS,2019
358751,1199,B,FGSS,SISP,,,IDS,2019
358876,1199,B,ANTH,GOVT,,,SBS,2019
360235,1199,B,ENGL,HIST,,,HA,2019
358666,1199,B,FILM,,,,HA,2019
360114,1199,B,ARST,PSYC,,,HA,2019
362307,1199,B,PSYC,SISP,,,NSM,2019
362167,1199,B,PSYC,SOC,,,NSM,2019
362221,1199,B,PSYC,,,,NSM,2019
358835,1199,B,MATH,PHIL,,,NSM,2019
362513,1199,B,PHIL,,,RELI-MN,SBS,2019
362113,1199,B,ECON,,,DATA-MN,SBS,2019
362501,1199,B,ECON,ENGL,,,SBS,2019
358777,1199,B,PHYS,,,,NSM,2019
358746,1199,B,ASTR,PHYS,,,NSM,2019
358726,1199,C,CEAS,,,FILM-MN,IDS,2019
362075,1199,C,NS&B,,,,NSM,2019
368639,1199,C,,,,,"  .",2019
358634,1199,C,GOVT,,,,SBS,2019
362229,1199,C,CSS,FRST,,,SBS,2019
362375,1199,C,CEAS,GOVT,,,IDS,2019
362313,1199,C,ENVS,PSYC,,,NSM,2019
364359,1199,C,REES,,,HIST-MN,SBS,2019
358723,1199,C,RELI,,,FILM-MN,SBS,2019
362463,1199,C,CEAS,GOVT,,,IDS,2019
362572,1199,D,GOVT,,,CEAS-MN,SBS,2019
360214,1199,D,CSS,,,,SBS,2019
358669,1199,D,ANTH,FILM,,,SBS,2019
358826,1199,D,PSYC,SISP,,,NSM,2019
360233,1199,D,SOC,,,,SBS,2019
362234,1199,D,ARHA,,,,HA,2019
362451,1199,D,PSYC,SISP,,,NSM,2019
358727,1199,D,GOVT,,,,SBS,2019
360029,1199,D,GOVT,,,HIST-MN,SBS,2019
360094,1199,D,ARHA,ITST,,,HA,2019
360222,1199,D,RMST,SOC,,,IDS,2019
362098,1199,D,ENGL,ITST,,EDST-MN,HA,2019
362105,1199,D,CSS,ITST,,,SBS,2019
362172,1199,D,CSS,,,,SBS,2019
362225,1199,D,CSS,ITST,,,SBS,2019
362321,1199,D,ARHA,,,,HA,2019
362382,1199,D,ITST,PSYC,,,IDS,2019
362592,1199,D,FILM,ITST,,,HA,2019
375085,1199,D,,,,,"  .",2019
375087,1199,D,,,,,"  .",2019
375088,1199,D,,,,,"  .",2019
358702,1199,D,ANTH,HISP,,,SBS,2019
362244,1199,D,ENGL,HISP,,,HA,2019
355401,1199,D,GOVT,,,,SBS,2019
358596,1199,D,ARST,,,,HA,2019
358783,1199,D,ENGL,,,FILM-MN,HA,2019
358593,1199,D,GOVT,,,FILM-MN,SBS,2019
358608,1199,D,ANTH,HISP,,,SBS,2019
358609,1199,D,HIST,,,,SBS,2019
358630,1199,D,PSYC,,,,NSM,2019
358638,1199,D,ENVS,PSYC,,EDST-MN,NSM,2019
358649,1199,D,HISP,SOC,,,IDS,2019
358658,1199,D,PSYC,RMST,,,NSM,2019
358675,1199,D,HISP,NS&B,,,IDS,2019
358792,1199,D,GOVT,HISP,,,SBS,2019
358816,1199,D,PSYC,,,,NSM,2019
360241,1199,D,PSYC,,,,NSM,2019
360248,1199,D,ECON,FILM,,,SBS,2019
362237,1199,D,AMST,,,EDST-MN,SBS,2019
362314,1199,D,ECON,RMST,,,SBS,2019
362344,1199,D,BIOL,NS&B,,,NSM,2019
362352,1199,D,GOVT,HISP,,,SBS,2019
362353,1199,D,HISP,HIST,,,IDS,2019
362379,1199,D,BIOL,HISP,,,NSM,2019
362406,1199,D,HISP,PSYC,,EDST-MN,IDS,2019
362509,1199,D,HISP,PSYC,,ECON-MN,IDS,2019
898932,1199,D,FGSS,HISP,,,IDS,2019
356583,1199,D,AFAM,,,FRST-MN,SBS,2019
358690,1199,D,ECON,FRST,,,SBS,2019
358818,1199,D,ENGL,FILM,,,HA,2019
358831,1199,D,GOVT,,,HIST-MN,SBS,2019
358832,1199,D,FRST,NS&B,,,HA,2019
358874,1199,D,FRST,NS&B,,,HA,2019
360011,1199,D,FRST,SISP,,,HA,2019
360024,1199,D,ARHA,ENGL,,,HA,2019
360039,1199,D,NS&B,PSYC,,,NSM,2019
360086,1199,D,FRST,SOC,,,HA,2019
362169,1199,D,MB&B,SISP,,,NSM,2019
362361,1199,D,CSS,FRST,,DATA-MN,SBS,2019
362368,1199,D,FRST,HIST,,ECON-MN,HA,2019
362397,1199,D,FILM,FRST,,,HA,2019
362443,1199,D,GOVT,,,HIST-MN,SBS,2019
362447,1199,D,RMST,,,,IDS,2019
362454,1199,D,FRST,GOVT,,,HA,2019
362487,1199,D,ECON,GOVT,,,SBS,2019
362502,1199,D,ENVS,GOVT,,,NSM,2019
362573,1199,D,FRST,GOVT,,,HA,2019
363317,1199,D,FRST,GOVT,,,HA,2019
358775,1201,A,NS&B,,,,NSM,2020
358801,1201,A,ENVS,GOVT,PHIL,,NSM,2020
360246,1201,A,MUSC,,,,HA,2020
355358,1201,A,FILM,PHYS,,,HA,2020
335981,1201,A,PHYS,,,,NSM,2020
358754,1201,A,AFAM,SOC,,,SBS,2020
360236,1201,A,GOVT,SOC,,,SBS,2020
362342,1201,A,ENGL,,,,HA,2020
362349,1201,A,MATH,SOC,,,NSM,2020
334737,1201,A,BIOL,MATH,NS&B,,NSM,2020
335367,1201,A,PHYS,,,,NSM,2020
335795,1201,A,MATH,,,,NSM,2020
335806,1201,A,PHYS,,,,NSM,2020
335848,1201,A,COMP,,,,NSM,2020
339474,1201,A,MATH,,,,NSM,2020
355313,1201,A,ECON,MATH,,CEAS-MN,SBS,2020
356428,1201,A,COMP,ECON,MATH,,NSM,2020
356441,1201,A,MATH,,,CEAS-MN,NSM,2020
358679,1201,A,ANTH,,,,SBS,2020
360101,1201,A,COMP,GOVT,MATH,,NSM,2020
360051,1201,A,BIOL,,,,NSM,2020
360231,1201,A,GOVT,,,,SBS,2020
365266,1201,A,ENGL,,,IDEA-MN,HA,2020
358806,1201,A,ECON,,,,SBS,2020
362083,1201,A,COMP,,,CEAS-MN,NSM,2020
362158,1201,A,COMP,MATH,,,NSM,2020
362276,1201,A,E&ES,ENVS,,,NSM,2020
362317,1201,A,BIOL,,,,NSM,2020
360021,1201,A,ANTH,EDST,,,SBS,2020
339522,1201,A,ARST,PSYC,,,HA,2020
360004,1201,A,ENVS,GOVT,,,NSM,2020
358737,1201,A,BIOL,ENVS,,,NSM,2020
362415,1201,A,BIOL,ENVS,,DANC-MN,NSM,2020
362251,1201,A,CHEM,GOVT,,,NSM,2020
358624,1201,A,COMP,,,,NSM,2020
360027,1201,A,ECON,GOVT,,,SBS,2020
362152,1201,A,GOVT,RELI,,,SBS,2020
358714,1201,A,PSYC,THEA,,,NSM,2020
358764,1201,A,PSYC,,,DANC-MN,NSM,2020
358842,1201,A,ARST,ENGL,,,HA,2020
362351,1201,A,AMST,,,,SBS,2020
362387,1201,A,PSYC,,,EDST-MN,NSM,2020
362682,1201,A,ECON,,,,SBS,2020
358795,1201,A,ECON,NS&B,,,SBS,2020
368892,1201,A,CEAS,COL,,,IDS,2020
358772,1201,A,THEA,,,FILM-MN,HA,2020
362166,1201,A,FILM,PSYC,,,HA,2020
365477,1201,A,FILM,GOVT,,,HA,2020
367596,1201,A,ENGL,,,,HA,2020
358854,1201,A,ECON,FILM,,,SBS,2020
362106,1201,A,GOVT,HIST,,,SBS,2020
362576,1201,A,ECON,,,DATA-MN,SBS,2020
360240,1201,A,CEAS,SOC,,,IDS,2020
362235,1201,A,PSYC,,,CEAS-MN,NSM,2020
362467,1201,A,CEAS,,,ECON-MN,IDS,2020
360013,1201,A,PSYC,,,CEAS-MN,NSM,2020
362087,1201,A,EDST,PSYC,SISP,,IDS,2020
362337,1201,A,ENVS,GOVT,,,NSM,2020
362165,1201,A,ENGL,HISP,,,HA,2020
358646,1201,A,AFAM,,,,SBS,2020
362084,1201,A,ECON,,,,SBS,2020
368912,1201,B,,,,,"  .",2020
358636,1201,B,PSYC,,,,NSM,2020
360065,1201,B,PSYC,,,,NSM,2020
360228,1201,B,ANTH,ENGL,,,SBS,2020
367624,1201,B,SOC,,,,SBS,2020
368298,1201,B,ANTH,SOC,,,SBS,2020
358696,1201,B,PHIL,,,,SBS,2020
358753,1201,B,PSYC,,,,NSM,2020
368741,1201,B,COL,ENGL,,,HA,2020
362151,1201,B,GOVT,UNIV,,IDEA-MN,SBS,2020
358704,1201,B,ANTH,,,IDEA-MN,SBS,2020
358761,1201,B,SOC,,,,SBS,2020
362306,1201,B,NS&B,PSYC,,DATA-MN,NSM,2020
362602,1201,B,ECON,,,DATA-MN,SBS,2020
368269,1201,B,AMST,GOVT,,,SBS,2020
369745,1201,B,FGSS,PSYC,,,IDS,2020
358643,1201,B,ANTH,ENVS,,,SBS,2020
368690,1201,B,ECON,,,,SBS,2020
362214,1201,B,BIOL,SISP,,,NSM,2020
356343,1201,B,ENGL,,,,HA,2020
362221,1201,B,PSYC,,,EDST-MN,NSM,2020
365572,1201,B,COL,,,,HA,2020
358670,1201,B,HIST,,,,SBS,2020
360057,1201,B,GOVT,,,,SBS,2020
360054,1201,C,FGSS,GOVT,,CEAS-MN,IDS,2020
360084,1201,C,CEAS,PSYC,,,IDS,2020
362192,1201,C,COMP,,,CEAS-MN,NSM,2020
362263,1201,C,SOC,,,CEAS-MN,SBS,2020
367772,1201,C,CEAS,,,,IDS,2020
367827,1201,C,DANC,ENGL,,CBST-MN,HA,2020
358875,1201,C,MATH,,,,NSM,2020
355872,1201,C,COMP,ENGL,,,NSM,2020
358617,1201,D,SOC,,,,SBS,2020
358732,1201,D,ECON,ITST,,,SBS,2020
360059,1201,D,ITST,NS&B,,,IDS,2020
365548,1201,D,FILM,ITST,,,HA,2020
376911,1201,D,,,,,"  .",2020
376912,1201,D,,,,,"  .",2020
376913,1201,D,,,,,"  .",2020
335472,1201,D,MATH,REES,,,NSM,2020
358802,1201,D,SISP,,,,IDS,2020
362441,1201,D,GOVT,HISP,,,SBS,2020
358758,1201,D,BIOL,GRST,,,NSM,2020
360118,1201,D,ECON,GRST,,DATA-MN,SBS,2020
362364,1201,D,NS&B,,,CHEM-MN,NSM,2020
365406,1201,D,COL,GRST,,,HA,2020
358706,1201,D,GOVT,,,,SBS,2020
358722,1201,D,ECON,GOVT,,,SBS,2020
358733,1201,D,FILM,,,,HA,2020
358734,1201,D,ENGL,FILM,,,HA,2020
358774,1201,D,GOVT,HISP,,ECON-MN,SBS,2020
358790,1201,D,GOVT,HISP,,DATA-MN,SBS,2020
360049,1201,D,ARHA,RMST,,,HA,2020
360061,1201,D,AMST,,,,SBS,2020
360062,1201,D,SISP,,,,IDS,2020
360096,1201,D,HISP,PSYC,,,IDS,2020
360210,1201,D,CHEM,HISP,,,NSM,2020
362191,1201,D,GOVT,PHIL,,,SBS,2020
362275,1201,D,HISP,HIST,,,IDS,2020
362295,1201,D,COMP,ECON,MATH,,NSM,2020
362393,1201,D,PSYC,,,DATA-MN,NSM,2020
362408,1201,D,PSYC,,,,NSM,2020
362448,1201,D,AMST,ENVS,,,SBS,2020
362629,1201,D,CIS,NS&B,,CHEM-MN,NSM,2020
365421,1201,D,COL,HISP,,,HA,2020
366997,1201,D,COL,HISP,,,HA,2020
367750,1201,D,SISP,,,IDEA-MN,IDS,2020
368845,1201,D,COL,ENGL,,,HA,2020
368882,1201,D,COL,HISP,,,HA,2020
898932,1201,D,FGSS,HISP,,,IDS,2020
360010,1201,D,FRST,MUSC,,,HA,2020
362257,1201,D,ENVS,GOVT,,FILM-MN,NSM,2020
368943,1201,D,COL,FRST,,,HA,2020
355358,1209,A,FILM,PHYS,,,HA,2020
335848,1209,A,COMP,,,,NSM,2020
339474,1209,A,MATH,,,,NSM,2020
355313,1209,A,ECON,MATH,,CEAS-MN,SBS,2020
356428,1209,A,COMP,ECON,MATH,,NSM,2020
356441,1209,A,MATH,,,CEAS-MN,NSM,2020
360026,1209,A,COMP,MATH,,,NSM,2020
362308,1209,A,ECON,,,,SBS,2020
362496,1209,A,ECON,THEA,,DATA-MN,SBS,2020
368595,1209,A,ENVS,GOVT,,CIVI-MN,NSM,2020
356710,1209,B,ECON,,,,SBS,2020
367153,1209,B,ECON,,,CEAS-MN,SBS,2020
368842,1209,B,ECON,MATH,,,SBS,2020
378562,1209,B,,,,,"  .",2020
379791,1209,B,,,,,"  .",2020
355358,1211,A,PHYS,,,FILM-MN,NSM,2021
335848,1211,A,COMP,,,,NSM,2021
339474,1211,A,MATH,,,,NSM,2021
355313,1211,A,MATH,,,CEAS-MN,NSM,2021
356428,1211,A,MATH,,,,NSM,2021
356441,1211,A,MATH,,,CEAS-MN,NSM,2021
360026,1211,A,COMP,MATH,,,NSM,2021
362308,1211,A,ECON,,,,SBS,2021
362496,1211,A,ECON,THEA,,DATA-MN,SBS,2021
368705,1211,A,PSYC,THEA,,FILM-MN,NSM,2021
371713,1219,A,ARCP,CCIV,,ENVS-MN,IDS,2021
368803,1219,A,COMP,MUSC,,,NSM,2021
368521,1219,A,FGSS,SOC,,,IDS,2021
356679,1219,A,COMP,ECON,,,NSM,2021
360026,1219,A,COMP,MATH,,,NSM,2021
362308,1219,A,ECON,,,,SBS,2021
362496,1219,A,ECON,THEA,,DATA-MN,SBS,2021
368618,1219,A,MATH,,,CEAS-MN,NSM,2021
368796,1219,A,MATH,,,,NSM,2021
368948,1219,A,ECON,MATH,,DATA-MN,SBS,2021
368817,1219,A,ECON,,,,SBS,2021
368717,1219,A,ECON,,,,SBS,2021
374749,1219,A,CSS,ECON,,,SBS,2021
373324,1219,A,E&ES,,,,NSM,2021
368910,1219,A,SOC,,,,SBS,2021
365385,1219,B,GOVT,PSYC,,,SBS,2021
367119,1219,B,COMP,ECON,,,NSM,2021
367136,1219,B,HIST,RELI,,,SBS,2021
368523,1219,B,COMP,,,DATA-MN,NSM,2021
371765,1219,B,FILM,HIST,,,HA,2021
371867,1219,B,GOVT,PSYC,,,SBS,2021
374636,1219,B,CSS,HIST,,,SBS,2021
378424,1219,B,,,,,"  .",2021
371904,1219,B,BIOL,GOVT,,,NSM,2021
374990,1219,C,CSS,GRST,PHIL,,SBS,2021
368873,1219,C,FRST,GOVT,,,HA,2021
373471,1219,C,CSS,FRST,,HIST-MN,SBS,2021
367067,1219,D,ARHA,ITST,,,HA,2021
368826,1219,D,ITST,MUSC,,,IDS,2021
368894,1219,D,ITST,,,,IDS,2021
371912,1219,D,ECON,ENVS,,,SBS,2021
366983,1219,D,ECON,,,DATA-MN,SBS,2021
368781,1219,D,RMST,,,CEAS-MN,IDS,2021
374337,1219,D,HISP,SISP,,,IDS,2021
336293,1219,D,FRST,,,FILM-MN,HA,2021
362220,1219,D,PHYS,,,,NSM,2021
369387,1219,D,FRST,UNIV,,,HA,2021
374697,1219,D,PSYC,RMST,,,NSM,2021
368803,1221,A,COMP,MUSC,,,NSM,2022
356679,1221,A,COMP,ECON,,,NSM,2022
360026,1221,A,COMP,MATH,,,NSM,2022
362308,1221,A,ECON,,,,SBS,2022
362496,1221,A,ECON,THEA,,,SBS,2022
368618,1221,A,MATH,,,CEAS-MN,NSM,2022
368796,1221,A,MATH,,,,NSM,2022
368948,1221,A,ECON,MATH,,DATA-MN,SBS,2022
374661,1221,A,PSYC,,,FILM-MN,NSM,2022
371789,1221,A,FILM,PSYC,,EDST-MN,HA,2022
371851,1221,A,ECON,,,,SBS,2022
371950,1221,A,ENVS,PSYC,,,NSM,2022
373326,1221,A,COMP,,,,NSM,2022
374374,1221,A,PSYC,,,DATA-MN,NSM,2022
374870,1221,A,COMP,,,,NSM,2022
375285,1221,A,PHYS,,,IDEA-MN,NSM,2022
378449,1221,A,PSYC,,,,NSM,2022
368847,1221,A,ENGL,FILM,,,HA,2022
374894,1221,A,ENGL,,,,HA,2022
374935,1221,A,BIOL,FILM,,,NSM,2022
373419,1221,A,PSYC,SOC,,,NSM,2022
375065,1221,A,GOVT,SISP,,DATA-MN,SBS,2022
367092,1221,A,ARST,PSYC,,,HA,2022
373377,1221,A,PSYC,,,,NSM,2022
374932,1221,A,GOVT,PSYC,,,SBS,2022
374985,1221,A,ARST,ENGL,,,HA,2022
371778,1221,A,ECON,GOVT,,,SBS,2022
371855,1221,A,ARST,,,ARHA-MN,HA,2022
371880,1221,A,ECON,PSYC,,,SBS,2022
371928,1221,A,FILM,HIST,,,HA,2022
371938,1221,A,ECON,,,DATA-MN,SBS,2022
371957,1221,A,GOVT,,,,SBS,2022
371989,1221,A,ARST,,,,HA,2022
373464,1221,A,ECON,PSYC,,DATA-MN,SBS,2022
373342,1221,A,CEAS,PHIL,,,IDS,2022
371726,1221,A,HIST,,,,SBS,2022
371713,1221,A,ARCP,CCIV,,ENVS-MN,IDS,2022
371706,1221,B,SOC,,,FILM-MN,SBS,2022
373395,1221,B,ENVS,GOVT,,,NSM,2022
373442,1221,B,AMST,,,,SBS,2022
373463,1221,B,AMST,,,CBST-MN,SBS,2022
373465,1221,B,MB&B,,,IDEA-MN,NSM,2022
374588,1221,B,MATH,,,,NSM,2022
374995,1221,B,FILM,,,,HA,2022
375404,1221,B,,,,,"  .",2022
365304,1221,B,ARCP,ENVS,,,IDS,2022
368673,1221,B,GOVT,,,FILM-MN,SBS,2022
371751,1221,B,GOVT,SOC,,,SBS,2022
371808,1221,B,ENGL,,,ARHA-MN,HA,2022
371946,1221,B,NS&B,PSYC,,,NSM,2022
371971,1221,B,SISP,,,CEAS-MN,IDS,2022
373415,1221,B,CIS,MB&B,,IDEA-MN,NSM,2022
373439,1221,B,ECON,,,DATA-MN,SBS,2022
373455,1221,B,ARST,E&ES,,CEAS-MN,HA,2022
374339,1221,B,GOVT,PSYC,,CIVI-MN,SBS,2022
374645,1221,B,ENGL,,,,HA,2022
374767,1221,B,COMP,ENVS,,,NSM,2022
374987,1221,B,ECON,,,,SBS,2022
375099,1221,B,BIOL,FILM,,,NSM,2022
375282,1221,B,MB&B,SISP,,DANC-MN,NSM,2022
375367,1221,B,NS&B,SISP,,IDEA-MN,NSM,2022
375408,1221,B,EDST,PSYC,,,IDS,2022
373351,1221,B,COL,,,,HA,2022
371740,1221,B,,,,,"  .",2022
374778,1221,B,BIOL,E&ES,,PSCI-MN,NSM,2022
371902,1221,B,GOVT,,,EDST-MN,SBS,2022
375058,1221,B,GOVT,,,,SBS,2022
371747,1221,C,GOVT,,,ECON-MN,SBS,2022
374984,1221,C,ECON,GOVT,,,SBS,2022
374761,1221,C,BIOL,E&ES,,,NSM,2022
371794,1221,C,CLST,COL,,CJST-MN,IDS,2022
368781,1221,D,RMST,,,CEAS-MN,IDS,2022
371711,1221,D,ITST,NS&B,,INFO-MN,IDS,2022
371812,1221,D,FILM,RMST,,,HA,2022
371875,1221,D,DANC,ITST,PSYC,,HA,2022
371912,1221,D,ECON,ENVS,,,SBS,2022
373362,1221,D,ARST,ITST,,ARHA-MN,HA,2022
374596,1221,D,ANTH,ITST,PSYC,,SBS,2022
374934,1221,D,GOVT,PSYC,,DATA-MN,SBS,2022
374939,1221,D,GOVT,,,,SBS,2022
375102,1221,D,ANTH,SISP,,,SBS,2022
373404,1221,D,HISP,SISP,,HIST-MN,IDS,2022
374754,1221,D,PHYS,,,,NSM,2022
371894,1221,D,GOVT,REES,,,SBS,2022
371896,1221,D,BIOL,,,INFO-MN,NSM,2022
373345,1221,D,COL,GOVT,,,HA,2022
373476,1221,D,ENGL,GRST,,,HA,2022
374554,1221,D,COL,COMP,,GRST-MN,HA,2022
374764,1221,D,ANTH,COL,,GRST-MN,SBS,2022
371698,1221,D,ANTH,,,,SBS,2022
371767,1221,D,HISP,SISP,,,IDS,2022
371680,1221,D,GOVT,HISP,,,SBS,2022
371724,1221,D,PSYC,,,AFAM-MN,NSM,2022
371841,1221,D,HISP,NS&B,PSYC,,IDS,2022
371973,1221,D,COL,ENGL,,,HA,2022
371980,1221,D,HISP,PSYC,,EDST-MN,IDS,2022
373392,1221,D,HISP,MB&B,,INFO-MN,IDS,2022
373401,1221,D,FILM,HISP,,,HA,2022
373440,1221,D,PSYC,RMST,,,NSM,2022
374322,1221,D,HISP,SOC,,,IDS,2022
374597,1221,D,SISP,,,,IDS,2022
374623,1221,D,COL,HISP,,,HA,2022
375106,1221,D,PSYC,SISP,,,NSM,2022
375470,1221,D,GOVT,HISP,,AFAM-MN,SBS,2022
377516,1221,D,FILM,PHYS,,,HA,2022
373354,1221,D,THEA,UNIV,,,HA,2022
374355,1221,D,ECON,FRST,,,SBS,2022
374375,1221,D,FRST,HIST,,DATA-MN,HA,2022
374381,1221,D,FRST,NS&B,,IDEA-MN,HA,2022
374564,1221,D,AMST,,,EDST-MN,SBS,2022
374576,1221,D,FRST,UNIV,,,HA,2022
374657,1221,D,FRST,PSYC,,FRST-MN,HA,2022
374809,1221,D,FRST,GOVT,,GLEN-MN,HA,2022
374883,1221,D,GOVT,RMST,,GLEN-MN,SBS,2022
375284,1221,D,GOVT,,,ECON-MN,SBS,2022
378529,1221,D,FRST,,,,HA,2022
379023,1229,A,ARST,,,,HA,2022
368770,1229,A,ENGL,ENVS,,,HA,2022
371951,1229,A,ECON,GOVT,,,SBS,2022
375139,1229,A,GOVT,,,ENVS-MN,SBS,2022
377424,1229,A,SOC,,,ECON-MN,SBS,2022
371838,1229,A,BIOL,,,,NSM,2022
368803,1229,A,COMP,MUSC,,,NSM,2022
356679,1229,A,COMP,ECON,,,NSM,2022
368618,1229,A,MATH,,,CEAS-MN,NSM,2022
368796,1229,A,MATH,,,,NSM,2022
368948,1229,A,ECON,MATH,,DATA-MN,SBS,2022
374326,1229,A,COMP,,,,NSM,2022
374750,1229,A,COMP,,,,NSM,2022
378847,1229,A,MATH,PHIL,,,NSM,2022
379017,1229,A,COMP,ECON,,CEAS-MN,NSM,2022
377393,1229,A,COMP,,,IDEA-MN,NSM,2022
379095,1229,A,AMST,,,IDEA-MN,SBS,2022
377480,1229,A,ENGL,REES,,,HA,2022
377497,1229,A,ENGL,SOC,,,HA,2022
378732,1229,A,AFAM,ENGL,FGSS,,SBS,2022
378826,1229,A,PSYC,SOC,,,NSM,2022
379214,1229,A,ENGL,,,,HA,2022
379263,1229,A,PHYS,,,,NSM,2022
374534,1229,A,SOC,,,,SBS,2022
374586,1229,A,CSS,,,REES-MN,SBS,2022
377503,1229,A,CSS,ECON,,,SBS,2022
377616,1229,A,AMST,ARST,,ARHA-MN,SBS,2022
378451,1229,A,GOVT,SOC,,,SBS,2022
379782,1229,A,PHIL,,,,SBS,2022
380193,1229,A,PSYC,,,,NSM,2022
374932,1229,A,GOVT,PSYC,,,SBS,2022
378700,1229,A,ECON,,,,SBS,2022
379060,1229,A,FGSS,SOC,,DANC-MN,IDS,2022
380173,1229,A,ECON,GOVT,,GLEN-MN,SBS,2022
377451,1229,A,CSS,PSYC,,,SBS,2022
371857,1229,A,COMP,MATH,,,NSM,2022
375023,1229,A,PSYC,,,,NSM,2022
368764,1229,A,HIST,,,,SBS,2022
373347,1229,A,HIST,PSYC,,EDST-MN,SBS,2022
378469,1229,A,PSYC,SOC,,,NSM,2022
378695,1229,A,AFAM,ECON,,,SBS,2022
379394,1229,A,ECON,MATH,,,SBS,2022
377548,1229,A,GOVT,,,DATA-MN,SBS,2022
365375,1229,A,ECON,,,HIST-MN,SBS,2022
367114,1229,A,COMP,MATH,,,NSM,2022
369277,1229,A,ECON,,,HIST-MN,SBS,2022
375000,1229,A,FILM,,,,HA,2022
377698,1229,A,FGSS,THEA,,,IDS,2022
378557,1229,A,,,,,"  .",2022
379280,1229,A,FILM,GOVT,,,HA,2022
379255,1229,A,FILM,,,CEAS-MN,HA,2022
377519,1229,A,FILM,GOVT,,,HA,2022
378516,1229,A,ECON,,,,SBS,2022
378549,1229,A,ECON,,,,SBS,2022
379118,1229,A,CSS,GOVT,,,SBS,2022
377593,1229,A,BIOL,E&ES,,,NSM,2022
378524,1229,A,BIOL,SISP,,,NSM,2022
377709,1229,A,FGSS,THEA,,,IDS,2022
367071,1229,A,PSYC,,,EDST-MN,NSM,2022
378432,1229,A,ECON,ENVS,,,SBS,2022
377551,1229,B,GOVT,,,,SBS,2022
378770,1229,B,REES,,,,SBS,2022
368868,1229,B,COMP,,,,NSM,2022
374331,1229,B,COMP,,,,NSM,2022
378727,1229,B,CEAS,SISP,,,IDS,2022
378849,1229,B,CEAS,ECON,,DATA-MN,IDS,2022
373489,1229,B,CSS,,,,SBS,2022
377505,1229,B,ECON,PHIL,,,SBS,2022
377515,1229,B,GOVT,,,,SBS,2022
377552,1229,B,PHIL,,,,SBS,2022
377556,1229,B,SOC,,,DATA-MN,SBS,2022
377586,1229,B,SOC,,,AFAM-MN,SBS,2022
377648,1229,B,AMST,,,,SBS,2022
377733,1229,B,SOC,,,EDST-MN,SBS,2022
378773,1229,B,SOC,,,,SBS,2022
378832,1229,B,ENGL,SOC,,,HA,2022
379022,1229,B,GOVT,SISP,,,SBS,2022
379391,1229,B,CSS,FGSS,,,SBS,2022
377676,1229,B,ENGL,HIST,,,HA,2022
379192,1229,B,HIST,,,,SBS,2022
374668,1229,B,DANC,MATH,,,HA,2022
368793,1229,B,FILM,,,DATA-MN,HA,2022
374544,1229,B,NS&B,SISP,,IDEA-MN,NSM,2022
375059,1229,B,RELI,,,,SBS,2022
376943,1229,B,BIOL,NS&B,,,NSM,2022
377377,1229,B,SOC,,,ENVS-MN,SBS,2022
377421,1229,B,FILM,,,GLEN-MN,HA,2022
377432,1229,B,ECON,,,,SBS,2022
377447,1229,B,GOVT,SISP,,,SBS,2022
377491,1229,B,ECON,,,,SBS,2022
377523,1229,B,PSYC,THEA,,,NSM,2022
377578,1229,B,CSS,,,,SBS,2022
377595,1229,B,PSYC,,,DANC-MN,NSM,2022
377612,1229,B,ECON,,,,SBS,2022
377632,1229,B,ANTH,,,RELI-MN,SBS,2022
377662,1229,B,SOC,THEA,,,SBS,2022
377677,1229,B,FILM,SOC,,,HA,2022
377703,1229,B,HIST,SOC,,,SBS,2022
377717,1229,B,AMST,PSYC,,AFAM-MN,SBS,2022
378452,1229,B,ARST,,,,HA,2022
378477,1229,B,ECON,PSYC,,,SBS,2022
378686,1229,B,ARST,,,ENVS-MN,HA,2022
378714,1229,B,AFAM,SOC,,,SBS,2022
378744,1229,B,SISP,,,CHEM-MN,IDS,2022
378767,1229,B,PSYC,,,,NSM,2022
378786,1229,B,CSS,,,IDEA-MN,SBS,2022
378833,1229,B,ENVS,RELI,,CEAS-MN,NSM,2022
379088,1229,B,CSS,,,DATA-MN,SBS,2022
379113,1229,B,CSS,ECON,,,SBS,2022
379149,1229,B,ARST,E&ES,,,HA,2022
379157,1229,B,ECON,,,,SBS,2022
379202,1229,B,PSYC,,,,NSM,2022
379222,1229,B,PSYC,SISP,,,NSM,2022
379249,1229,B,GOVT,PSYC,,,SBS,2022
379277,1229,B,COMP,,,IDEA-MN,NSM,2022
379405,1229,B,CSS,MUSC,,,SBS,2022
379789,1229,B,ARST,,,,HA,2022
380177,1229,B,FILM,,,,HA,2022
380240,1229,B,ENVS,GOVT,,,NSM,2022
377472,1229,B,DANC,PSYC,,,HA,2022
379402,1229,B,ENGL,PSYC,,,HA,2022
379418,1229,B,NS&B,PSYC,,CHEM-MN,NSM,2022
377727,1229,B,ECON,ENVS,,,SBS,2022
377627,1229,B,ARST,,,,HA,2022
368887,1229,B,PSYC,,,,NSM,2022
371740,1229,B,RMST,,,GLEN-MN,IDS,2022
373483,1229,B,ARST,REES,,,HA,2022
377409,1229,B,SOC,,,,SBS,2022
379100,1229,B,FILM,,,,HA,2022
379207,1229,B,ECON,,,,SBS,2022
379239,1229,B,ARCP,,,,IDS,2022
377482,1229,B,ENVS,GOVT,,,NSM,2022
377576,1229,B,PSYC,,,,NSM,2022
377587,1229,B,NS&B,PSYC,,,NSM,2022
377617,1229,B,PSYC,SISP,,,NSM,2022
378843,1229,B,CEAS,EDST,,,IDS,2022
377430,1229,C,HIST,,,MEST-MN,SBS,2022
379156,1229,C,NS&B,,,MEST-MN,NSM,2022
377718,1229,C,,,,,"  .",2022
379411,1229,C,CSS,,,,SBS,2022
371939,1229,C,ENVS,FRST,,,NSM,2022
377400,1229,C,BIOL,NS&B,,,NSM,2022
379282,1229,D,ENGL,,,,HA,2022
378496,1229,D,ARHA,ITST,,,HA,2022
378556,1229,D,FILM,ITST,,,HA,2022
379037,1229,D,ENGL,ITST,,,HA,2022
379040,1229,D,CEAS,RMST,,,IDS,2022
380199,1229,D,ARHA,ARST,,GLEN-MN,HA,2022
393486,1229,D,,,,,"  .",2022
371733,1229,D,AMST,,,FILM-MN,SBS,2022
377572,1229,D,GOVT,,,,SBS,2022
378842,1229,D,ANTH,HISP,,,SBS,2022
380237,1229,D,AMST,,,,SBS,2022
374751,1229,D,MB&B,,,CHEM-MN,NSM,2022
377736,1229,D,AFAM,HISP,,,SBS,2022
379169,1229,D,PHYS,,,IDEA-MN,NSM,2022
369389,1229,D,GOVT,,,,SBS,2022
371864,1229,D,FILM,HISP,,HIST-MN,HA,2022
374361,1229,D,ENGL,,,FILM-MN,HA,2022
374553,1229,D,HISP,PSYC,,GLEN-MN,IDS,2022
374655,1229,D,CSS,HISP,,,SBS,2022
377591,1229,D,ENGL,,,,HA,2022
379190,1229,D,GOVT,,,GLEN-MN,SBS,2022
379270,1229,D,HISP,PSYC,,,IDS,2022
379290,1229,D,ENVS,GOVT,,,NSM,2022
379408,1229,D,HIST,,,REES-MN,SBS,2022
384573,1229,D,HISP,SISP,,,IDS,2022
368691,1229,D,ENGL,,,AFAM-MN,HA,2022
371763,1229,D,AMST,FRST,,FILM-MN,SBS,2022
371825,1229,D,CSS,,,,SBS,2022
374368,1229,D,BIOL,FRST,,,NSM,2022
377413,1229,D,FRST,PSYC,,,HA,2022
377470,1229,D,FILM,,,,HA,2022
377483,1229,D,ENGL,FILM,,,HA,2022
377569,1229,D,FRST,,,,HA,2022
378444,1229,D,ARHA,FRST,,,HA,2022
378534,1229,D,SOC,,,,SBS,2022
378724,1229,D,FRST,MUSC,,,HA,2022
379110,1229,D,CSS,GOVT,,,SBS,2022
379225,1229,D,RMST,SOC,,,IDS,2022
379397,1229,D,FRST,PSYC,,,HA,2022
380180,1229,D,SOC,,,FILM-MN,SBS,2022
384417,1229,D,BIOL,,,INFO-MN,NSM,2022
379792,1229,D,CEAS,THEA,,,IDS,2022
378478,1231,A,EDST,ENGL,,,IDS,2023
378694,1231,A,GOVT,,,,SBS,2023
379197,1231,A,ENGL,FILM,,DATA-MN,HA,2023
378716,1231,A,FGSS,THEA,,,IDS,2023
379063,1231,A,FILM,THEA,,,HA,2023
368803,1231,A,COMP,MUSC,,,NSM,2023
378688,1231,A,FGSS,MUSC,,AFST-MN,IDS,2023
356679,1231,A,COMP,ECON,,,NSM,2023
368618,1231,A,MATH,,,CEAS-MN,NSM,2023
368796,1231,A,MATH,,,,NSM,2023
368948,1231,A,MATH,,,ECON-MN,NSM,2023
374326,1231,A,COMP,,,,NSM,2023
374750,1231,A,COMP,,,,NSM,2023
371697,1231,A,,,,,"  .",2023
378829,1231,A,ECON,GOVT,,CEAS-MN,SBS,2023
378847,1231,A,MATH,PHIL,,,NSM,2023
379017,1231,A,COMP,ECON,,CEAS-MN,NSM,2023
378558,1231,A,ECON,,,HIST-MN,SBS,2023
378751,1231,A,GOVT,PSYC,,,SBS,2023
379095,1231,A,AMST,,,IDEA-MN,SBS,2023
377739,1231,A,ECON,,,DATA-MN,SBS,2023
377603,1231,A,NS&B,SISP,,,NSM,2023
377645,1231,A,NS&B,,,ECON-MN,NSM,2023
378559,1231,A,ECON,,,GLEN-MN,SBS,2023
379115,1231,A,ENVS,GOVT,,,NSM,2023
379206,1231,A,GOVT,,,,SBS,2023
379214,1231,A,ENGL,,,,HA,2023
379288,1231,A,NS&B,PSYC,,DATA-MN,NSM,2023
379403,1231,A,ECON,PSYC,,,SBS,2023
379131,1231,A,SISP,,,,IDS,2023
379245,1231,A,ASTR,CLST,COL,,NSM,2023
378700,1231,A,ECON,,,DATA-MN,SBS,2023
380173,1231,A,ECON,GOVT,,GLEN-MN,SBS,2023
377452,1231,A,BIOL,ENVS,,,NSM,2023
374331,1231,A,COMP,,,DATA-MN,NSM,2023
377600,1231,A,BIOL,FILM,,,NSM,2023
378787,1231,A,NS&B,,,,NSM,2023
379166,1231,A,MB&B,SISP,,CHEM-MN,NSM,2023
379400,1231,A,COMP,,,IDEA-MN,NSM,2023
379258,1231,A,PSYC,,,,NSM,2023
378695,1231,A,AFAM,ECON,,,SBS,2023
379394,1231,A,ECON,MATH,,,SBS,2023
377418,1231,A,CLST,,,RELI-MN,IDS,2023
380179,1231,A,THEA,,,DANC-MN,HA,2023
377647,1231,A,ENGL,,,,HA,2023
378546,1231,A,ECON,PSYC,,,SBS,2023
377416,1231,A,HIST,,,ARHA-MN,SBS,2023
378441,1231,A,ECON,GOVT,,DATA-MN,SBS,2023
378747,1231,A,GOVT,HIST,,,SBS,2023
379261,1231,A,CHEM,MB&B,,INFO-MN,NSM,2023
379299,1231,A,COMP,GOVT,,,NSM,2023
377531,1231,B,COMP,,,,NSM,2023
379111,1231,B,COMP,ECON,,,NSM,2023
378727,1231,B,CEAS,,,,IDS,2023
378830,1231,B,CEAS,ECON,,GLEN-MN,IDS,2023
371730,1231,B,AMST,,,DATA-MN,SBS,2023
377454,1231,B,ECON,,,DATA-MN,SBS,2023
377504,1231,B,ECON,,,DATA-MN,SBS,2023
377552,1231,B,PHIL,,,,SBS,2023
377648,1231,B,AMST,,,,SBS,2023
378427,1231,B,ARHA,,,FILM-MN,HA,2023
378447,1231,B,CEAS,GOVT,,FILM-MN,IDS,2023
378693,1231,B,ARHA,ECON,,,HA,2023
378784,1231,B,ENGL,HISP,,,HA,2023
379782,1231,B,PHIL,,,,SBS,2023
391032,1231,B,ECON,,,,SBS,2023
377515,1231,B,GOVT,,,,SBS,2023
377506,1231,B,PSYC,SOC,,,NSM,2023
377514,1231,B,BIOL,CHEM,,,NSM,2023
377700,1231,B,AMST,,,,SBS,2023
377741,1231,B,BIOL,E&ES,,,NSM,2023
378515,1231,B,GOVT,SOC,,ARCP-MN,SBS,2023
378523,1231,B,MB&B,,,,NSM,2023
379012,1231,B,AFAM,PSYC,,CHEM-MN,SBS,2023
379163,1231,B,BIOL,ENVS,,IDEA-MN,NSM,2023
379227,1231,B,FRST,SOC,,,HA,2023
379230,1231,B,ECON,ENVS,,,SBS,2023
377611,1231,B,ECON,,,,SBS,2023
378466,1231,B,SOC,,,EDST-MN,SBS,2023
378498,1231,B,ECON,PSYC,,,SBS,2023
378501,1231,B,ECON,PSYC,,,SBS,2023
378541,1231,B,PSYC,SOC,,HRAD-MN,NSM,2023
379297,1231,B,AMST,,,AFAM-MN,SBS,2023
375029,1231,B,COL,,,EDST-MN,HA,2023
377379,1231,C,HIST,,,MEST-MN,SBS,2023
374627,1231,C,ECON,,,AFST-MN,SBS,2023
377718,1231,C,FRST,GOVT,,,HA,2023
377589,1231,C,BIOL,,,CJST-MN,NSM,2023
378740,1231,C,CEAS,MATH,,,IDS,2023
378472,1231,D,ANTH,HISP,,,SBS,2023
371984,1231,D,AMST,,,ENVS-MN,SBS,2023
377459,1231,D,RMST,,,RELI-MN,IDS,2023
378435,1231,D,ENGL,,,,HA,2023
378993,1231,D,ARHA,FILM,,,HA,2023
379159,1231,D,HIST,SOC,,,SBS,2023
379161,1231,D,HIST,,,ECON-MN,SBS,2023
394647,1231,D,,,,,"  .",2023
394649,1231,D,,,,,"  .",2023
394650,1231,D,,,,,"  .",2023
394699,1231,D,,,,,"  .",2023
371733,1231,D,AMST,ANTH,,FILM-MN,SBS,2023
377546,1231,D,ENGL,FGSS,,,HA,2023
377624,1231,D,EDST,LAST,,HRAD-MN,IDS,2023
374267,1231,D,GOVT,,,FILM-MN,SBS,2023
377435,1231,D,AMST,ECON,,,SBS,2023
377438,1231,D,ANTH,,,ARHA-MN,SBS,2023
377469,1231,D,HISP,PSYC,,CBST-MN,IDS,2023
377512,1231,D,ECON,PSYC,,,SBS,2023
377669,1231,D,HISP,PSYC,,EDST-MN,IDS,2023
377686,1231,D,ENGL,,,ARHA-MN,HA,2023
378500,1231,D,ECON,GOVT,,,SBS,2023
378737,1231,D,ENGL,,,ARHA-MN,HA,2023
378834,1231,D,ECON,PSYC,,,SBS,2023
379098,1231,D,CHEM,MB&B,,,NSM,2023
379154,1231,D,ECON,HISP,,,SBS,2023
379787,1231,D,GOVT,,,,SBS,2023
379796,1231,D,HISP,RELI,,GLEN-MN,IDS,2023
384900,1231,D,COL,,,,HA,2023
374368,1231,D,BIOL,FRST,,,NSM,2023
377411,1231,D,COL,PSYC,,,HA,2023
378488,1231,D,ENGL,FRST,,,HA,2023
378494,1231,D,AMST,COL,,FRST-MN,SBS,2023
378508,1231,D,FILM,GOVT,,,HA,2023
378839,1231,D,ARHA,ENGL,,,HA,2023
379108,1231,D,AMST,FRST,,GLEN-MN,SBS,2023
379224,1231,D,PSYC,RMST,,GLEN-MN,NSM,2023
379401,1231,D,ECON,FRST,,,SBS,2023
383467,1231,D,ECON,FRST,,,SBS,2023
383346,1239,A,ENGL,FILM,,,HA,2023
382445,1239,A,GOVT,,,,SBS,2023
384508,1239,A,BIOL,THEA,,,NSM,2023
385218,1239,A,THEA,,,,HA,2023
377466,1239,A,BIOL,,,,NSM,2023
382406,1239,A,SOC,,,IDEA-MN,SBS,2023
378845,1239,A,MATH,SOC,,,NSM,2023
385034,1239,A,COMP,MUSC,,,NSM,2023
385133,1239,A,,,,,"  .",2023
382465,1239,A,PSYC,,,IDEA-MN,NSM,2023
377599,1239,A,NS&B,PSYC,SISP,,NSM,2023
382178,1239,A,AMST,,,,SBS,2023
382299,1239,A,AMST,,,,SBS,2023
382384,1239,A,ENGL,FILM,,,HA,2023
383482,1239,A,CEAS,ECON,,DATA-MN,IDS,2023
384780,1239,A,CSS,ENVS,,,SBS,2023
383453,1239,A,EDST,PSYC,,,IDS,2023
384789,1239,A,GOVT,RELI,,HIST-MN,SBS,2023
382366,1239,A,AMST,EDST,,,SBS,2023
383331,1239,A,HIST,,,,SBS,2023
382407,1239,A,FILM,,,,HA,2023
383492,1239,A,CSS,RELI,,,SBS,2023
384846,1239,A,ENGL,,,,HA,2023
385119,1239,A,CSS,,,EDST-MN,SBS,2023
371953,1239,A,CEAS,,,,IDS,2023
378447,1239,A,CEAS,GOVT,,FILM-MN,IDS,2023
382337,1239,A,BIOL,SISP,,,NSM,2023
382364,1239,A,SOC,,,,SBS,2023
384981,1239,A,COMP,,,,NSM,2023
378533,1239,A,ENGL,PSYC,,,HA,2023
384742,1239,A,ANTH,ENGL,,,SBS,2023
384821,1239,A,FILM,SOC,,,HA,2023
382233,1239,A,FILM,,,,HA,2023
371821,1239,A,ECON,,,DATA-MN,SBS,2023
377571,1239,A,ENVS,GOVT,,,NSM,2023
382158,1239,A,GOVT,PSYC,,,SBS,2023
382280,1239,A,ENGL,,,,HA,2023
382340,1239,A,EDST,PSYC,,,IDS,2023
382459,1239,A,ENVS,SOC,,,NSM,2023
382476,1239,A,PSYC,,,,NSM,2023
382487,1239,A,PSYC,,,,NSM,2023
384980,1239,A,ASTR,PHYS,,,NSM,2023
385029,1239,A,COMP,,,,NSM,2023
377626,1239,A,AFAM,,,FILM-MN,SBS,2023
382263,1239,A,GOVT,,,,SBS,2023
390881,1239,A,CSS,ENVS,,HIST-MN,SBS,2023
385154,1239,A,PSYC,,,,NSM,2023
377697,1239,B,CSS,,,,SBS,2023
378439,1239,B,PSYC,SISP,,DATA-MN,NSM,2023
383430,1239,B,FGSS,FILM,,,IDS,2023
384965,1239,B,PSYC,,,,NSM,2023
384967,1239,B,CSS,,,,SBS,2023
384992,1239,B,ANTH,ARST,,,SBS,2023
385015,1239,B,ENGL,GOVT,,,HA,2023
385104,1239,B,,,,,"  .",2023
385114,1239,B,CSS,,,,SBS,2023
390810,1239,B,ENVS,SOC,,,NSM,2023
390901,1239,B,ENGL,SOC,,,HA,2023
382208,1239,B,ARHA,ARST,,IDEA-MN,HA,2023
380184,1239,B,FILM,,,,HA,2023
382165,1239,B,PSYC,,,,NSM,2023
382197,1239,B,,,,,"  .",2023
382214,1239,B,ECON,,,,SBS,2023
382265,1239,B,AMST,,,HIST-MN,SBS,2023
382279,1239,B,HISP,,,,IDS,2023
382290,1239,B,PSYC,,,,NSM,2023
382412,1239,B,ECON,PSYC,,,SBS,2023
382417,1239,B,BIOL,ECON,,,NSM,2023
382421,1239,B,NS&B,PSYC,,,NSM,2023
382461,1239,B,FILM,,,HIST-MN,HA,2023
382462,1239,B,PSYC,,,,NSM,2023
382469,1239,B,ARST,,,,HA,2023
382482,1239,B,ENVS,FGSS,,,NSM,2023
382520,1239,B,ECON,,,,SBS,2023
382521,1239,B,E&ES,,,,NSM,2023
383377,1239,B,PSYC,,,,NSM,2023
383414,1239,B,NS&B,,,,NSM,2023
384695,1239,B,SOC,,,,SBS,2023
384705,1239,B,AMST,,,ENVS-MN,SBS,2023
384735,1239,B,SOC,,,,SBS,2023
384748,1239,B,ENGL,SOC,,,HA,2023
384843,1239,B,AMST,,,FILM-MN,SBS,2023
384845,1239,B,SOC,,,,SBS,2023
385035,1239,B,PSYC,,,,NSM,2023
385075,1239,B,COMP,MUSC,,,NSM,2023
385144,1239,B,AMST,GOVT,,,SBS,2023
385152,1239,B,NS&B,PSYC,,ENVS-MN,NSM,2023
385155,1239,B,AMST,,,,SBS,2023
385165,1239,B,GOVT,,,,SBS,2023
384767,1239,B,EDST,PSYC,,,IDS,2023
384859,1239,B,BIOL,FGSS,,,NSM,2023
382185,1239,B,AMST,,,CJST-MN,SBS,2023
384802,1239,B,CSS,ENVS,,ENVS-MN,SBS,2023
382401,1239,B,,,,,"  .",2023
383426,1239,C,FRST,,,EDST-MN,HA,2023
388319,1239,D,,,,,"  .",2023
378821,1239,D,HIST,ITST,,,SBS,2023
382240,1239,D,GOVT,ITST,,,SBS,2023
382371,1239,D,ITST,PSYC,,,IDS,2023
382478,1239,D,SISP,,,,IDS,2023
382479,1239,D,ITST,,,,IDS,2023
382503,1239,D,ITST,SOC,,,IDS,2023
384863,1239,D,AMST,,,,SBS,2023
384996,1239,D,CSS,,,,SBS,2023
385081,1239,D,AMST,ARST,ITST,,SBS,2023
385087,1239,D,BIOL,,,,NSM,2023
385105,1239,D,EDST,RELI,,,IDS,2023
385187,1239,D,ECON,MATH,,,SBS,2023
377457,1239,D,ENVS,,,,NSM,2023
379219,1239,D,GOVT,LAST,,,SBS,2023
382196,1239,D,HISP,SOC,,GLEN-MN,IDS,2023
382303,1239,D,,,,,"  .",2023
382512,1239,D,AMST,GOVT,LAST,,SBS,2023
383420,1239,D,ENVS,SOC,,,NSM,2023
385039,1239,D,ECON,LAST,,,SBS,2023
377680,1239,D,HISP,NS&B,,,IDS,2023
384824,1239,D,FILM,LAST,,,HA,2023
384972,1239,D,COMP,,,,NSM,2023
378461,1239,D,AMST,THEA,,,SBS,2023
382264,1239,D,HIST,LAST,,,SBS,2023
382324,1239,D,AMST,,,,SBS,2023
382352,1239,D,PHIL,SOC,,,SBS,2023
382386,1239,D,HIST,,,,SBS,2023
382418,1239,D,AMST,RELI,,,SBS,2023
382419,1239,D,RMST,,,,IDS,2023
382502,1239,D,NS&B,,,EDST-MN,NSM,2023
383445,1239,D,AMST,PSYC,,,SBS,2023
383472,1239,D,GOVT,,,DATA-MN,SBS,2023
384704,1239,D,HISP,,,,IDS,2023
384721,1239,D,,,,,"  .",2023
384738,1239,D,ECON,GOVT,,ENVS-MN,SBS,2023
384751,1239,D,GOVT,REES,,FILM-MN,SBS,2023
384769,1239,D,AMST,,,IDEA-MN,SBS,2023
384788,1239,D,ECON,,,,SBS,2023
384811,1239,D,SISP,,,,IDS,2023
384827,1239,D,LAST,SISP,,,IDS,2023
385031,1239,D,AMST,,,,SBS,2023
385098,1239,D,CSS,,,,SBS,2023
385171,1239,D,CHEM,,,,NSM,2023
371944,1239,D,ENGL,,,FILM-MN,HA,2023
378876,1239,D,GOVT,,,,SBS,2023
382191,1239,D,FILM,,,,HA,2023
382294,1239,D,ARHA,HIST,,,HA,2023
383347,1239,D,FRST,NS&B,,,HA,2023
383448,1239,D,FRST,,,AFST-MN,HA,2023
383477,1239,D,AMST,FGSS,,,SBS,2023
384756,1239,D,FRST,,,FILM-MN,HA,2023
384838,1239,D,ENGL,REES,,,HA,2023
384963,1239,D,GOVT,,,,SBS,2023
384974,1239,D,FRST,MDST,RELI,,HA,2023
385124,1239,D,CSS,HIST,,FRST-MN,SBS,2023
385161,1239,D,CSS,FRST,,,SBS,2023
